FileName,VerseName,MissingLanguages
100_Yesu madhura naamamu.xml,v4,tam
100_Yesu madhura naamamu.xml,o1,"eng,tel,tam,hin"
102_Prabhuni smarinchu.xml,v5,"eng,tel"
102_Prabhuni smarinchu.xml,v6,"eng,tel,hin"
102_Prabhuni smarinchu.xml,v7,"eng,tel,hin"
102_Prabhuni smarinchu.xml,o1,"eng,tel,tam,hin"
103_Harshintunu Harshintunu.xml,v5,hin
103_Harshintunu Harshintunu.xml,o1,"eng,tel,tam,hin"
104_Naa praana priyudaa.xml,v4,hin
104_Naa praana priyudaa.xml,v5,hin
104_Naa praana priyudaa.xml,v6,hin
104_Naa praana priyudaa.xml,v7,"eng,tel,hin"
104_Naa praana priyudaa.xml,o1,"eng,tel,tam,hin"
105_Deva devuni koniyaadedamu.xml,v6,hin
105_Deva devuni koniyaadedamu.xml,v7,hin
105_Deva devuni koniyaadedamu.xml,o1,"eng,tel,tam,hin"
106_Madhura madhuramu yesu.xml,v4,tam
106_Madhura madhuramu yesu.xml,v5,tam
106_Madhura madhuramu yesu.xml,o1,"eng,tel,tam,hin"
108_Jai Jai Jai Jai raajula raajaa.xml,v7,"eng,tel,hin"
108_Jai Jai Jai Jai raajula raajaa.xml,o1,"eng,tel,tam,hin"
109_Yehovaaku paadudi paatan.xml,v7,"eng,tel,hin"
109_Yehovaaku paadudi paatan.xml,v8,"eng,tel,hin"
109_Yehovaaku paadudi paatan.xml,v9,"eng,tel,hin"
109_Yehovaaku paadudi paatan.xml,o1,"eng,tel,tam,hin"
10_Yehovaa naa kaapari naaku lemi ledu.xml,o1,"eng,tel,tam,hin"
110_Yesunaadha thriloka naadha.xml,o1,"eng,tel,tam,hin"
111_Sarvashakhtudu naaku.xml,o1,"eng,tel,tam,hin"
112_Prabho needu mahimanu paadi.xml,v5,"eng,tel"
112_Prabho needu mahimanu paadi.xml,v6,"eng,tel"
112_Prabho needu mahimanu paadi.xml,v7,"eng,tel,tam"
112_Prabho needu mahimanu paadi.xml,o1,"eng,tel,tam,hin"
113_Oh yesu nee prema entho.xml,o1,"eng,tel,tam,hin"
114_O premagala yesu.xml,v6,tam
114_O premagala yesu.xml,v7,tam
114_O premagala yesu.xml,o1,"eng,tel,tam,hin"
115_Halleluya paadudi.xml,o1,"eng,tel,tam,hin"
117_Vandanamo vandana mesayyaa.xml,v7,tam
117_Vandanamo vandana mesayyaa.xml,o1,"eng,tel,tam,hin"
118_Arpinthu stutul nee.xml,o1,"eng,tel,tam,hin"
119_Santoshame santoshame.xml,o1,"eng,tel,tam,hin"
11_Yesu prabhoo kapari naaku.xml,o1,"eng,tel,tam,hin"
122_Hrudaya marpinchedamu.xml,o1,"eng,tel,tam,hin"
123_Aananda maananada maanandame.xml,o1,"eng,tel,tam,hin"
124_Jai prabhu yesu.xml,o1,"eng,tel,tam,hin"
125_Prabhuva nee goppa thanamu.xml,o1,"eng,tel,tam,hin"
126_Vandanimmu Nimmu Prabhu.xml,o1,"eng,tel,tam,hin"
127_Oh naa hrudayamaa paadumaa.xml,o1,"eng,tel,tam,hin"
128_Devaa nee thalampulu amoolya.xml,o1,"eng,tel,tam,hin"
129_Stutulaku paatrundavu.xml,o1,"eng,tel,tam,hin"
12_Bhoomiyu daani sampoornatha lokamu.xml,v8,"eng,tel"
12_Bhoomiyu daani sampoornatha lokamu.xml,v9,"eng,tel,hin"
12_Bhoomiyu daani sampoornatha lokamu.xml,o1,"eng,tel,tam,hin"
133_Sarva krupaa nidhi yagu.xml,o1,"eng,tel,tam,hin"
134_Mahaa ghanudu mahonnathudu.xml,o1,"eng,tel,tam,hin"
135_Halleluyaa stuti Halleluyaa.xml,o1,"eng,tel,tam,hin"
136_Koniyaadi - paadi keertinchi.xml,o1,"eng,tel,tam,hin"
137_Devaa naa yandu neeku.xml,o1,"eng,tel,tam,hin"
139_Nrupaa vimochaka prabhu.xml,v6,hin
139_Nrupaa vimochaka prabhu.xml,v7,"tam,hin"
139_Nrupaa vimochaka prabhu.xml,o1,"eng,tel,tam,hin"
13_Devaa nee mukhamunu naaku.xml,o1,"eng,tel,tam,hin"
140_Sri rakshakuni namamu.xml,v6,"eng,tel"
140_Sri rakshakuni namamu.xml,o1,"eng,tel,tam,hin"
141_Rakshakuni vichitra preman.xml,o1,"eng,tel,tam,hin"
14_Udaya saayanthramula nella velala prabhuvaa.xml,o1,"eng,tel,tam,hin"
152_Nee jaldaru vrukshapu.xml,o1,"eng,tel,tam,hin"
153_Yesu nangeekarinchiti daiva.xml,o1,"eng,tel,tam,hin"
154_Devaa naa prabhuvaa ninu goorchi.xml,o1,"eng,tel,tam,hin"
155_Prabhu yesu naakai nee.xml,o1,"eng,tel,tam,hin"
156_Paavanudaa maa prabhuvaa.xml,o1,"eng,tel,tam,hin"
157_Yesu nan preminchitivi.xml,o1,"eng,tel,tam,hin"
159_Prema nammakamugala.xml,o1,"eng,tel,tam,hin"
15_Yehovaa naa devaa nityamu.xml,v8,tam
15_Yehovaa naa devaa nityamu.xml,o1,"eng,tel,tam,hin"
160_O prabhuvaa idi nee.xml,o1,"eng,tel,tam,hin"
161_Prema gala maa.xml,o1,"eng,tel,tam,hin"
162_Aaraadhincheda ninu madi.xml,o1,"eng,tel,tam,hin"
163_Ruchi choochi erigitini.xml,o1,"eng,tel,tam,hin"
164_Needu viswasyatha maa.xml,o1,"eng,tel,tam,hin"
165_Sannuthinchedanu ellappudu.xml,o1,"eng,tel,tam,hin"
166_Devunike mahima yuga.xml,o1,"eng,tel,tam,hin"
167_Aashcharya karuda vive.xml,o1,"eng,tel,tam,hin"
168_Naa praanamaa naa sarvamaa.xml,o1,"eng,tel,tam,hin"
169_Gaayamulan gaayamulan.xml,o1,"eng,tel,tam,hin"
16_Yavvani athikramamulu mannimpabaduno.xml,v9,tam
16_Yavvani athikramamulu mannimpabaduno.xml,o1,"eng,tel,tam,hin"
170_Doota ganamulella aaraadhinchiri.xml,o1,"eng,tel,tam,hin"
171_Maa prabhu yesu neeve.xml,o1,"eng,tel,tam,hin"
172_Pranutinthumu maa Yehovaa.xml,v5,hin
172_Pranutinthumu maa Yehovaa.xml,o1,"eng,tel,tam,hin"
173_Asamanundagu oh kristu.xml,o1,"eng,tel,tam,hin"
175_Stutiyu mahima ghanatha.xml,o1,"eng,tel,tam,hin"
17_Sannuthinthu neppudehovaanu.xml,o1,"eng,tel,tam,hin"
188_Jayasheeludavagu oh maa.xml,o1,"eng,tel,tam,hin"
"191_Oh Abraham, Issaaku.xml",o1,"eng,tel,tam,hin"
19_Vyasana padakumu-neevu.xml,v8,"eng,tel,tam"
19_Vyasana padakumu-neevu.xml,v9,"eng,tel,tam"
19_Vyasana padakumu-neevu.xml,v10,"eng,tel,tam"
19_Vyasana padakumu-neevu.xml,v11,"eng,tel,tam"
19_Vyasana padakumu-neevu.xml,v12,"eng,tel,tam"
19_Vyasana padakumu-neevu.xml,o1,"eng,tel,tam,hin"
1_Dustula allochana choppuna.xml,v7,hin
1_Dustula allochana choppuna.xml,v8,hin
1_Dustula allochana choppuna.xml,o1,"eng,tel,tam,hin"
200_Halleluya padeda.xml,v6,tam
200_Halleluya padeda.xml,o1,"eng,tel,tam,hin"
202_Stotrinchedamu daiva.xml,o1,"eng,tel,tam,hin"
205_Stotramu yesu naadhaa.xml,v5,hin
205_Stotramu yesu naadhaa.xml,o1,"eng,tel,tam,hin"
208_Nammaka maina naa prabhu.xml,o1,"eng,tel,tam,hin"
209_Rakshakudaa yesu prabho stotramu.xml,o1,"eng,tel,tam,hin"
20_Yohovaa nee kopamu cheta.xml,v9,"tam,hin"
20_Yohovaa nee kopamu cheta.xml,v10,"tam,hin"
20_Yohovaa nee kopamu cheta.xml,o1,"eng,tel,tam,hin"
210_Stotramu paadi pogadedanu.xml,o1,"eng,tel,tam,hin"
212_Yehovaa mahaatmyamu.xml,v5,tam
212_Yehovaa mahaatmyamu.xml,v6,tam
212_Yehovaa mahaatmyamu.xml,v7,"eng,tel,tam"
212_Yehovaa mahaatmyamu.xml,o1,"eng,tel,tam,hin"
214_Stuti prashamsha.xml,o1,"eng,tel,tam,hin"
215_Bhajiyimpa randi prabhu.xml,o1,"eng,tel,tam,hin"
216_Anudinamu maa bharamu.xml,o1,"eng,tel,tam,hin"
217_Bhakhtulaaraa smariyinchedamu.xml,o1,"eng,tel,tam,hin"
218_Yesu prabhuni stutinchuta.xml,o1,"eng,tel,tam,hin"
219_Yesu divya rakshakuni.xml,v4,"tam,hin"
219_Yesu divya rakshakuni.xml,o1,"eng,tel,tam,hin"
21_Yehovaa koraku sahanamutho.xml,v4,hin
21_Yehovaa koraku sahanamutho.xml,v5,hin
21_Yehovaa koraku sahanamutho.xml,v6,hin
21_Yehovaa koraku sahanamutho.xml,o1,"eng,tel,tam,hin"
220_Prabhu naa devaa.xml,o1,"eng,tel,tam,hin"
222_Yesu prabhoo nee.xml,o1,"eng,tel,tam,hin"
223_Jayamani paadu jayamani.xml,o1,"eng,tel,tam,hin"
224_Oh jagadrakshakaa.xml,o1,"eng,tel,tam,hin"
22_Neeti vaagula koraku duppi.xml,o1,"eng,tel,tam,hin"
230_Entha jaali yesuvaa.xml,o1,"eng,tel,tam,hin"
231_Shree yesu naadhuni.xml,v6,hin
231_Shree yesu naadhuni.xml,v7,"eng,tel,hin"
231_Shree yesu naadhuni.xml,o1,"eng,tel,tam,hin"
232_Devaadi devaa prabhuvul.xml,o1,"eng,tel,tam,hin"
233_Jai Jai yesu raajaa.xml,v8,"tam,hin"
233_Jai Jai yesu raajaa.xml,o1,"eng,tel,tam,hin"
234_Naadu praanamaa.xml,v5,hin
234_Naadu praanamaa.xml,o1,"eng,tel,tam,hin"
235_Prabhu ninnu keertinchu.xml,v6,tam
235_Prabhu ninnu keertinchu.xml,v7,tam
235_Prabhu ninnu keertinchu.xml,o1,"eng,tel,tam,hin"
236_Jeevambu nitchina.xml,o1,"eng,tel,tam,hin"
237_Stotrinchi keertintumu.xml,v7,hin
237_Stotrinchi keertintumu.xml,o1,"eng,tel,tam,hin"
238_Stotrinchi keertinchedamu.xml,v5,hin
238_Stotrinchi keertinchedamu.xml,o1,"eng,tel,tam,hin"
239_Maa devaa maa devaa.xml,o1,"eng,tel,tam,hin"
23_Nee velugu nee satyamu bayalu.xml,o1,"eng,tel,tam,hin"
242_Prabhu goppa kaaryamulu.xml,v7,"eng,tel,hin"
242_Prabhu goppa kaaryamulu.xml,o1,"eng,tel,tam,hin"
245_Pagatilo megha stambhamugaa.xml,o1,"eng,tel,tam,hin"
247_Kruthajnathan thalavanchi.xml,o1,"eng,tel,tam,hin"
248_Naa korakai anniyu.xml,o1,"eng,tel,tam,hin"
24_Kumaari aalakinchu - nee vaalochinchi.xml,v5,hin
24_Kumaari aalakinchu - nee vaalochinchi.xml,v6,hin
24_Kumaari aalakinchu - nee vaalochinchi.xml,v7,hin
24_Kumaari aalakinchu - nee vaalochinchi.xml,o1,"eng,tel,tam,hin"
253_Devuni stutincharandi.xml,o1,"eng,tel,tam,hin"
254_Stotramu stotramayyaa devaa.xml,o1,"eng,tel,tam,hin"
255_Deva - Samvathsaramunu.xml,o1,"eng,tel,tam,hin"
258_Oh bhakhtulaaraa mana.xml,o1,"eng,tel,tam,hin"
259_Memu bhaya padamu - ika memu.xml,o1,"eng,tel,tam,hin"
25_Devude mana kaashrayamunu.xml,o1,"eng,tel,tam,hin"
260_Bhayamu leduga manaku.xml,o1,"eng,tel,tam,hin"
266_Mariyaku sutuduga.xml,v4,"eng,tel,tam"
266_Mariyaku sutuduga.xml,v5,"eng,tel,tam"
266_Mariyaku sutuduga.xml,o1,"eng,tel,tam,hin"
268_O sadbhaktulara loka.xml,o1,"eng,tel,tam,hin"
26_Sarva janulaaraa chappatlu kotti paadudi.xml,v8,tam
26_Sarva janulaaraa chappatlu kotti paadudi.xml,v9,tam
26_Sarva janulaaraa chappatlu kotti paadudi.xml,v10,tam
26_Sarva janulaaraa chappatlu kotti paadudi.xml,o1,"eng,tel,tam,hin"
270_Vintimayya nee swaramu.xml,o1,"eng,tel,tam,hin"
274_Manakai yesu maraninche.xml,o1,"eng,tel,tam,hin"
276_Prabhu yesu.xml,v6,hin
276_Prabhu yesu.xml,v7,"eng,tel,hin"
276_Prabhu yesu.xml,o1,"eng,tel,tam,hin"
277_Nee rakhtame.xml,v6,tam
277_Nee rakhtame.xml,o1,"eng,tel,tam,hin"
278_Siluvalo baliyaina.xml,o1,"eng,tel,tam,hin"
279_Adigo calvarilo.xml,o1,"eng,tel,tam,hin"
27_Mana devuni pattana mandaayana.xml,v8,"eng,tel"
27_Mana devuni pattana mandaayana.xml,v9,"eng,tel"
27_Mana devuni pattana mandaayana.xml,v10,"eng,tel,hin"
27_Mana devuni pattana mandaayana.xml,o1,"eng,tel,tam,hin"
281_Yesuni rakhtame.xml,v8,tam
281_Yesuni rakhtame.xml,o1,"eng,tel,tam,hin"
284_Jeevapu maargajyotivi.xml,o1,"eng,tel,tam,hin"
285_Yesu chavonde siluvapai.xml,o1,"eng,tel,tam,hin"
286_Mahatmudaina naa prabhu.xml,v5,hin
286_Mahatmudaina naa prabhu.xml,v6,"tam,hin"
286_Mahatmudaina naa prabhu.xml,o1,"eng,tel,tam,hin"
288_Devaa naa devaa.xml,o1,"eng,tel,tam,hin"
289_Priyuni siluvanu preminthun.xml,v4,hin
289_Priyuni siluvanu preminthun.xml,o1,"eng,tel,tam,hin"
28_Sarva Janulaaraa vinudi.xml,v9,"eng,tel,hin"
28_Sarva Janulaaraa vinudi.xml,o1,"eng,tel,tam,hin"
290_Geetam geetam jaya jaya.xml,o1,"eng,tel,tam,hin"
292_Sresta geethamu vinabadu.xml,v6,hin
292_Sresta geethamu vinabadu.xml,v7,hin
292_Sresta geethamu vinabadu.xml,o1,"eng,tel,tam,hin"
296_Yesuraju vachunu dootalatho.xml,o1,"eng,tel,tam,hin"
29_Yehovaa naa devaa.xml,v9,"eng,tel"
29_Yehovaa naa devaa.xml,v10,"eng,tel"
29_Yehovaa naa devaa.xml,o1,"eng,tel,tam,hin"
2_Anyajanulela lechi galathu.xml,v8,"eng,tel,hin"
2_Anyajanulela lechi galathu.xml,o1,"eng,tel,tam,hin"
300_Mahimayutudu maa yesu raju.xml,o1,"eng,tel,tam,hin"
301_Meghamumeeda Yesuraju.xml,o1,"eng,tel,tam,hin"
306_Parishuddu lellaru yesun pogadi.xml,v5,hin
306_Parishuddu lellaru yesun pogadi.xml,v6,hin
306_Parishuddu lellaru yesun pogadi.xml,o1,"eng,tel,tam,hin"
309_Adigo vachinadevaro chudumu.xml,o1,"eng,tel,tam,hin"
30_Devaa naa devudavu neeve.xml,v8,hin
30_Devaa naa devudavu neeve.xml,o1,"eng,tel,tam,hin"
310_Yesu sheeghramuga thirigi vachchun.xml,o1,"eng,tel,tam,hin"
312_Jayamani paadu prabhu yesunake.xml,o1,"eng,tel,tam,hin"
313_Kaalamu sameepamu prabhu yesu.xml,o1,"eng,tel,tam,hin"
314_Prakaasha vastramutho paraloka mahimatho.xml,o1,"eng,tel,tam,hin"
315_Raajula raaju - prabhuvula prabhoo.xml,o1,"eng,tel,tam,hin"
"316_Jagratha, bakthulara pilupi.xml",o1,"eng,tel,tam,hin"
317_Siyonu raaju vachchunu madini.xml,o1,"eng,tel,tam,hin"
318_Prabhuvu digivatchunu paramunundi.xml,o1,"eng,tel,tam,hin"
319_Kristu yesu vachunu.xml,v5,"eng,tel"
319_Kristu yesu vachunu.xml,o1,"eng,tel,tam,hin"
31_Sarvaloka nivaasu laara.xml,v6,hin
31_Sarvaloka nivaasu laara.xml,o1,"eng,tel,tam,hin"
320_Boora shabhdambu ningin.xml,o1,"eng,tel,tam,hin"
322_Kontha samayame migilinadi.xml,o1,"eng,tel,tam,hin"
323_Jayinchu vaarini koni pova.xml,o1,"eng,tel,tam,hin"
32_Nee maargamu devaa.xml,o1,"eng,tel,tam,hin"
330_Maharaja Yesu nekai mahima kalugu gaka.xml,o1,"eng,tel,tam,hin"
332_Premadankaa jagamuna.xml,o1,"eng,tel,tam,hin"
333_Jayamani padudi sarwa janama.xml,o1,"eng,tel,tam,hin"
334_Jagati karudenche - rakshana kartha.xml,o1,"eng,tel,tam,hin"
335_Danya Danya yesu namamu.xml,o1,"eng,tel,tam,hin"
337_Papamunaku jeetamu maranamu.xml,v6,"tam,hin"
337_Papamunaku jeetamu maranamu.xml,o1,"eng,tel,tam,hin"
33_Kristuni naamamu nityamu nilchun.xml,v6,hin
33_Kristuni naamamu nityamu nilchun.xml,v7,hin
33_Kristuni naamamu nityamu nilchun.xml,o1,"eng,tel,tam,hin"
347_Paripurnambagu guruvu yevaru.xml,o1,"eng,tel,tam,hin"
348_Prajalara vegame raare.xml,o1,"eng,tel,tam,hin"
349_Premamrutha dhaarala chindina mana.xml,v4,"eng,tel,tam"
349_Premamrutha dhaarala chindina mana.xml,v5,"eng,tel,tam"
349_Premamrutha dhaarala chindina mana.xml,o1,"eng,tel,tam,hin"
34_Yoodaalo devudu prasiddhudu.xml,o1,"eng,tel,tam,hin"
351_Randi randi yesuni yoddaku.xml,o1,"eng,tel,tam,hin"
354_Kriste sarvaadhikaari.xml,v6,tam
354_Kriste sarvaadhikaari.xml,o1,"eng,tel,tam,hin"
355_Andhakaara lokamunaku.xml,o1,"eng,tel,tam,hin"
356_Maanava roopamunu dharinchi.xml,o1,"eng,tel,tam,hin"
357_Saatilenidi Yesuni rakhtamu.xml,o1,"eng,tel,tam,hin"
360_Devudu lokamunu yentho preminchenu.xml,o1,"eng,tel,tam,hin"
361_Maya lokamu - mosapokumu.xml,o1,"eng,tel,tam,hin"
362_Nyaayapeetahmu nee mundu unnadi.xml,o1,"eng,tel,tam,hin"
363_Mahavaidyundu vachenu.xml,v7,hin
363_Mahavaidyundu vachenu.xml,o1,"eng,tel,tam,hin"
364_Shubhavartha vintimi.xml,v3,"eng,tel"
364_Shubhavartha vintimi.xml,v4,"eng,tel,hin"
364_Shubhavartha vintimi.xml,o1,"eng,tel,tam,hin"
365_Immaanuyeluni rakhtamu.xml,o1,"eng,tel,tam,hin"
366_Daagunedi mapunu - vega Yesu.xml,v5,"eng,tel,tam"
366_Daagunedi mapunu - vega Yesu.xml,v6,"eng,tel,tam"
366_Daagunedi mapunu - vega Yesu.xml,o1,"eng,tel,tam,hin"
367_Mana prabhuvaina Yesu nandu.xml,o1,"eng,tel,tam,hin"
368_Nee jeevitamu kshanabhangurame.xml,o1,"eng,tel,tam,hin"
369_Entho goppa nityamaina.xml,o1,"eng,tel,tam,hin"
36_Mana balamaina yaakobu devuniki.xml,v8,"eng,tel,hin"
36_Mana balamaina yaakobu devuniki.xml,v9,"eng,tel,hin"
36_Mana balamaina yaakobu devuniki.xml,o1,"eng,tel,tam,hin"
370_Yesu lenicho papikaashrayame ledu.xml,o1,"eng,tel,tam,hin"
371_Maaru manassu pondumu.xml,o1,"eng,tel,tam,hin"
"372_Vyardham vyardham, sarvamu.xml",o1,"eng,tel,tam,hin"
373_Kristu prabhuke sakala mahima.xml,o1,"eng,tel,tam,hin"
37_Sainyamula Yehovaa.xml,v10,tam
37_Sainyamula Yehovaa.xml,o1,"eng,tel,tam,hin"
384_Mayaloka mayalo nela.xml,o1,"eng,tel,tam,hin"
385_Vinathi vinathi vinathi triyekuniki.xml,v5,tam
385_Vinathi vinathi vinathi triyekuniki.xml,v6,"tam,hin"
385_Vinathi vinathi vinathi triyekuniki.xml,v7,"tam,hin"
385_Vinathi vinathi vinathi triyekuniki.xml,o1,"eng,tel,tam,hin"
388_Prematho yesu - piluchuchunnaadu.xml,o1,"eng,tel,tam,hin"
38_Prabhu selavitchu daani naala kintunu.xml,v6,hin
38_Prabhu selavitchu daani naala kintunu.xml,v7,hin
38_Prabhu selavitchu daani naala kintunu.xml,o1,"eng,tel,tam,hin"
390_O Paapi jeevapu yootaku raa.xml,v5,hin
390_O Paapi jeevapu yootaku raa.xml,v6,hin
390_O Paapi jeevapu yootaku raa.xml,v7,"tam,hin"
390_O Paapi jeevapu yootaku raa.xml,o1,"eng,tel,tam,hin"
391_Gadiya nenu thattu chunnaanu.xml,o1,"eng,tel,tam,hin"
393_Sodarudaa paapa kshamakai.xml,o1,"eng,tel,tam,hin"
394_Yesu prabhuve neeku rakshana.xml,o1,"eng,tel,tam,hin"
397_Prabhu thattu kannuleththu.xml,o1,"eng,tel,tam,hin"
398_Choodumu neevu melconumu.xml,o1,"eng,tel,tam,hin"
399_Yesuni sweekarinchu.xml,o1,"eng,tel,tam,hin"
39_Prabhuvaa thara tharamula nundi.xml,o1,"eng,tel,tam,hin"
3_Yehovaa maa prabhuvaa bhoomi.xml,v6,"eng,tel,hin"
3_Yehovaa maa prabhuvaa bhoomi.xml,v7,"eng,tel,hin"
3_Yehovaa maa prabhuvaa bhoomi.xml,v8,"eng,tel,hin"
3_Yehovaa maa prabhuvaa bhoomi.xml,v9,"eng,tel,hin"
3_Yehovaa maa prabhuvaa bhoomi.xml,o1,"eng,tel,tam,hin"
400_Jeevitha mevvariki nee jeevitha mevvariki.xml,o1,"eng,tel,tam,hin"
401_Yesu ninnu pilichenu.xml,o1,"eng,tel,tam,hin"
402_Choodumu eekshaname calvarini.xml,o1,"eng,tel,tam,hin"
403_Entha paapinainanu - Yesu cherchukonunu.xml,o1,"eng,tel,tam,hin"
404_Yesu naadhuni gaayamulanu.xml,o1,"eng,tel,tam,hin"
407_Yerushalemu gummamulaara rajunu.xml,o1,"eng,tel,tam,hin"
408_Theruvu nee hrudaya dwarambu nede.xml,o1,"eng,tel,tam,hin"
409_Krupakaalamulo prabhuyesune.xml,o1,"eng,tel,tam,hin"
40_Devaa thara tharamulaku.xml,o1,"eng,tel,tam,hin"
410_Kristu chentaku rammu.xml,o1,"eng,tel,tam,hin"
411_Teruvabadi yunnadi krupadwaramu.xml,o1,"eng,tel,tam,hin"
412_Naa maata vinumani.xml,o1,"eng,tel,tam,hin"
41_Mahonnathuni chaatuna vasinchu vaade.xml,v8,hin
41_Mahonnathuni chaatuna vasinchu vaade.xml,v9,"tam,hin"
41_Mahonnathuni chaatuna vasinchu vaade.xml,v10,"tam,hin"
41_Mahonnathuni chaatuna vasinchu vaade.xml,o1,"eng,tel,tam,hin"
422_Kanikarinchi nannu rakshinchu.xml,o1,"eng,tel,tam,hin"
423_Yesu naa hrudayamunanduna.xml,o1,"eng,tel,tam,hin"
424_Rakshana nosagumu prabhuva.xml,v6,"eng,tel"
424_Rakshana nosagumu prabhuva.xml,v7,"eng,tel,hin"
424_Rakshana nosagumu prabhuva.xml,o1,"eng,tel,tam,hin"
425_Nenu ghorapaapini cheri.xml,v8,"eng,tel,hin"
425_Nenu ghorapaapini cheri.xml,o1,"eng,tel,tam,hin"
427_Jeevapu daata naa hrudayamuloniki.xml,v6,"eng,tel,hin"
427_Jeevapu daata naa hrudayamuloniki.xml,o1,"eng,tel,tam,hin"
428_Viduvavu nannika ennadainanu.xml,o1,"eng,tel,tam,hin"
429_Paapini nenu thappiti.xml,o1,"eng,tel,tam,hin"
42_Sarvannathuni chaatuna nivasinchedi.xml,v9,"eng,tel,hin"
42_Sarvannathuni chaatuna nivasinchedi.xml,v10,"eng,tel,hin"
42_Sarvannathuni chaatuna nivasinchedi.xml,o1,"eng,tel,tam,hin"
430_Nedu ne naa rakshakuni.xml,v5,tam
430_Nedu ne naa rakshakuni.xml,o1,"eng,tel,tam,hin"
431_Nakai chilchabaddayo.xml,v4,"eng,tel"
431_Nakai chilchabaddayo.xml,o1,"eng,tel,tam,hin"
432_O yesu rakshakaa.xml,v5,"eng,tel"
432_O yesu rakshakaa.xml,v6,"eng,tel,tam"
432_O yesu rakshakaa.xml,o1,"eng,tel,tam,hin"
433_Unnattu nenu vachedan.xml,o1,"eng,tel,tam,hin"
436_Dayagala Yesu paapi kaashrayudaa.xml,o1,"eng,tel,tam,hin"
437_Sangha mokkate saarvathrika.xml,o1,"eng,tel,tam,hin"
43_Yehovaanu stutinchuta manchidi.xml,v8,hin
43_Yehovaanu stutinchuta manchidi.xml,v9,"eng,tel,hin"
43_Yehovaanu stutinchuta manchidi.xml,v10,"eng,tel,hin"
43_Yehovaanu stutinchuta manchidi.xml,v11,"eng,tel,hin"
43_Yehovaanu stutinchuta manchidi.xml,o1,"eng,tel,tam,hin"
441_Siyonu puramaa - sarvonnathuni.xml,o1,"eng,tel,tam,hin"
442_Prabhu yesu sanghamu nirminchu.xml,v6,hin
442_Prabhu yesu sanghamu nirminchu.xml,v7,hin
442_Prabhu yesu sanghamu nirminchu.xml,o1,"eng,tel,tam,hin"
443_Bhaktula sanghame prabhuni.xml,o1,"eng,tel,tam,hin"
445_Shakhtigala shaalemu raajaa.xml,v6,tam
445_Shakhtigala shaalemu raajaa.xml,v7,tam
445_Shakhtigala shaalemu raajaa.xml,o1,"eng,tel,tam,hin"
448_Sarvashakhtuni vaakku idiye.xml,v7,hin
448_Sarvashakhtuni vaakku idiye.xml,o1,"eng,tel,tam,hin"
449_Siyonu vaasu laaraa.xml,v7,hin
449_Siyonu vaasu laaraa.xml,v8,hin
449_Siyonu vaasu laaraa.xml,v9,hin
449_Siyonu vaasu laaraa.xml,v10,"eng,tel,hin"
449_Siyonu vaasu laaraa.xml,o1,"eng,tel,tam,hin"
44_Randi yehovaanu goorchi.xml,o1,"eng,tel,tam,hin"
450_Gorrepilla vivaahotsava.xml,v8,"eng,tel,tam"
450_Gorrepilla vivaahotsava.xml,v9,"eng,tel,tam"
450_Gorrepilla vivaahotsava.xml,v10,"eng,tel,tam"
450_Gorrepilla vivaahotsava.xml,o1,"eng,tel,tam,hin"
453_Nirmimpabaditimi manamu.xml,o1,"eng,tel,tam,hin"
454_Stutinchumu stutinchumu.xml,o1,"eng,tel,tam,hin"
455_Ee sangapu bunaadi.xml,v5,"eng,tel"
455_Ee sangapu bunaadi.xml,o1,"eng,tel,tam,hin"
458_Maname prabhuni paraloka gruhamu.xml,o1,"eng,tel,tam,hin"
459_Sanghame kristu yesuni shareeramu.xml,o1,"eng,tel,tam,hin"
45_Yehovaa meeda kroththa keertana.xml,v8,"eng,tel,tam"
45_Yehovaa meeda kroththa keertana.xml,o1,"eng,tel,tam,hin"
461_Parishuddha pattanamu kroththa.xml,o1,"eng,tel,tam,hin"
463_Prabhuni gruhamu aayana.xml,o1,"eng,tel,tam,hin"
464_Parishudda mandiramu naaku.xml,v5,tam
464_Parishudda mandiramu naaku.xml,v6,tam
464_Parishudda mandiramu naaku.xml,o1,"eng,tel,tam,hin"
46_Samastha deshamulaaraa andaru paadudi.xml,v5,hin
46_Samastha deshamulaaraa andaru paadudi.xml,v6,hin
46_Samastha deshamulaaraa andaru paadudi.xml,o1,"eng,tel,tam,hin"
472_Kristuni swaramu vindunu prabhuve.xml,v8,tam
472_Kristuni swaramu vindunu prabhuve.xml,v9,tam
472_Kristuni swaramu vindunu prabhuve.xml,v10,tam
472_Kristuni swaramu vindunu prabhuve.xml,o1,"eng,tel,tam,hin"
476_Nityudesune stutinchu.xml,o1,"eng,tel,tam,hin"
477_Dappi gonina vaanipai neetin.xml,o1,"eng,tel,tam,hin"
478_Sarassu prakkana rottelanu.xml,v4,"eng,tel"
478_Sarassu prakkana rottelanu.xml,o1,"eng,tel,tam,hin"
47_Samastha janulaaraa meeru.xml,v5,tam
47_Samastha janulaaraa meeru.xml,o1,"eng,tel,tam,hin"
480_Ne bodimpa janaalikin - nerpimpu.xml,v6,hin
480_Ne bodimpa janaalikin - nerpimpu.xml,v7,"eng,tel,hin"
480_Ne bodimpa janaalikin - nerpimpu.xml,o1,"eng,tel,tam,hin"
481_Nee swaramu vinupinchu prabhuvaa.xml,o1,"eng,tel,tam,hin"
486_Yesuni nammedivaaru aayana.xml,o1,"eng,tel,tam,hin"
488_Siyonu paatalu - santoshamuga.xml,v6,"eng,tel,hin"
488_Siyonu paatalu - santoshamuga.xml,o1,"eng,tel,tam,hin"
489_Idigo nenoka nootana kriyanu.xml,o1,"eng,tel,tam,hin"
48_Stutiyinchu - prabhun stutiyinchu.xml,v9,tam
48_Stutiyinchu - prabhun stutiyinchu.xml,v10,tam
48_Stutiyinchu - prabhun stutiyinchu.xml,o1,"eng,tel,tam,hin"
490_Swaschanda siyonu vaasi.xml,o1,"eng,tel,tam,hin"
491_Yehovaayandaanandame.xml,o1,"eng,tel,tam,hin"
493_Ellappudu ellappudu ellappudu.xml,o1,"eng,tel,tam,hin"
495_Aatma vishayamai deenulaina.xml,v6,hin
495_Aatma vishayamai deenulaina.xml,o1,"eng,tel,tam,hin"
496_Shaashwata mainadi prema.xml,v7,hin
496_Shaashwata mainadi prema.xml,o1,"eng,tel,tam,hin"
497_Parishuddulai yundudi daiva.xml,o1,"eng,tel,tam,hin"
498_Premaa premaa - premaa.xml,v5,hin
498_Premaa premaa - premaa.xml,o1,"eng,tel,tam,hin"
49_Vaaraayananu jana samaajamulo.xml,v5,tam
49_Vaaraayananu jana samaajamulo.xml,v6,tam
49_Vaaraayananu jana samaajamulo.xml,v7,tam
49_Vaaraayananu jana samaajamulo.xml,v8,tam
49_Vaaraayananu jana samaajamulo.xml,v9,tam
49_Vaaraayananu jana samaajamulo.xml,v10,"eng,tel,tam"
49_Vaaraayananu jana samaajamulo.xml,o1,"eng,tel,tam,hin"
4_Stutinthun stutinthun naa kaalochana.xml,v7,"eng,tel,tam"
4_Stutinthun stutinthun naa kaalochana.xml,o1,"eng,tel,tam,hin"
500_Ne Yesuni velugulo nadichedanu.xml,o1,"eng,tel,tam,hin"
501_Meere lokamunaku velugu.xml,o1,"eng,tel,tam,hin"
502_Balavantudesu mahima.xml,v6,"eng,tel,hin"
502_Balavantudesu mahima.xml,v7,"eng,tel,hin"
502_Balavantudesu mahima.xml,o1,"eng,tel,tam,hin"
508_Lechi randi viswaasulaaraa.xml,o1,"eng,tel,tam,hin"
50_Devaa naa hrudayamu.xml,v5,"eng,tel,tam"
50_Devaa naa hrudayamu.xml,o1,"eng,tel,tam,hin"
510_Bhayapadakumu neevu - yuddamu.xml,o1,"eng,tel,tam,hin"
511_Bhaya padakumu oh chinna.xml,o1,"eng,tel,tam,hin"
512_Mana mesuni vaaralamu.xml,o1,"eng,tel,tam,hin"
513_Vaaru aayana thattu choodagane.xml,v6,tam
513_Vaaru aayana thattu choodagane.xml,o1,"eng,tel,tam,hin"
514_Lokam jeevam maranambainan.xml,o1,"eng,tel,tam,hin"
518_Jeevithambu ghora kastanastamul.xml,o1,"eng,tel,tam,hin"
519_Aayana nannu nadupunanu.xml,v4,"eng,tel"
519_Aayana nannu nadupunanu.xml,o1,"eng,tel,tam,hin"
51_Stutintun devuni sabhalo.xml,v8,"eng,tel,hin"
51_Stutintun devuni sabhalo.xml,v9,"eng,tel,hin"
51_Stutintun devuni sabhalo.xml,v10,"eng,tel,hin"
51_Stutintun devuni sabhalo.xml,v11,"eng,tel,hin"
51_Stutintun devuni sabhalo.xml,o1,"eng,tel,tam,hin"
520_Nadpumaa mahaa Yehovaa.xml,v3,"eng,tel"
520_Nadpumaa mahaa Yehovaa.xml,o1,"eng,tel,tam,hin"
521_Yesu mammunu nadipinchu.xml,v4,"eng,tel,hin"
521_Yesu mammunu nadipinchu.xml,o1,"eng,tel,tam,hin"
522_Nee chentako prabho nejeedan.xml,v5,"tam,hin"
522_Nee chentako prabho nejeedan.xml,o1,"eng,tel,tam,hin"
524_Yesu aatma priyudaa.xml,o1,"eng,tel,tam,hin"
525_Naa prema raajukapari.xml,v7,"eng,tel,hin"
525_Naa prema raajukapari.xml,o1,"eng,tel,tam,hin"
526_Daiva prema pridviloni.xml,v4,"eng,tel"
526_Daiva prema pridviloni.xml,o1,"eng,tel,tam,hin"
527_Immuga nadipinchitivi.xml,o1,"eng,tel,tam,hin"
528_Anananda mahaanandam.xml,o1,"eng,tel,tam,hin"
529_Meeru Bahugaa Phalinchinacho.xml,o1,"eng,tel,tam,hin"
52_Yehovaa nee yokka maata.xml,v6,hin
52_Yehovaa nee yokka maata.xml,v7,"tam,hin"
52_Yehovaa nee yokka maata.xml,o1,"eng,tel,tam,hin"
530_Melkonumaa melkonumaa.xml,o1,"eng,tel,tam,hin"
531_Adbutha deevenalu prabhuvaa.xml,o1,"eng,tel,tam,hin"
532_Kristuni choochuchu saagi velledanu.xml,o1,"eng,tel,tam,hin"
533_Velledamu koodi velledamu.xml,o1,"eng,tel,tam,hin"
534_Oh prabhuvaa ne daari tholagithi.xml,v6,tam
534_Oh prabhuvaa ne daari tholagithi.xml,o1,"eng,tel,tam,hin"
537_Devunitho sahapaati.xml,o1,"eng,tel,tam,hin"
538_Nishchayamuga ninnu deevinchedanu.xml,o1,"eng,tel,tam,hin"
539_Yesu manatho nundaga.xml,v6,tam
539_Yesu manatho nundaga.xml,o1,"eng,tel,tam,hin"
541_Aanandinchedamu Yehovaalo.xml,v7,hin
541_Aanandinchedamu Yehovaalo.xml,o1,"eng,tel,tam,hin"
54_Kondala thattu kanuleththu.xml,v7,hin
54_Kondala thattu kanuleththu.xml,o1,"eng,tel,tam,hin"
556_Oh sarvashakhtudaa - naa satyadevudaa.xml,o1,"eng,tel,tam,hin"
557_Neethimanthula praardhana.xml,o1,"eng,tel,tam,hin"
558_Chetlu leni mettalandu.xml,o1,"eng,tel,tam,hin"
55_Yehovaa mandiramunaku velludamani.xml,v9,hin
55_Yehovaa mandiramunaku velludamani.xml,v10,hin
55_Yehovaa mandiramunaku velludamani.xml,v11,"tam,hin"
55_Yehovaa mandiramunaku velludamani.xml,o1,"eng,tel,tam,hin"
565_Paramaaseervadamu kori.xml,o1,"eng,tel,tam,hin"
566_Shudda aathma digirammu.xml,v8,tam
566_Shudda aathma digirammu.xml,o1,"eng,tel,tam,hin"
567_Yehovaaye aashcharya kaarayamulanu.xml,v7,hin
567_Yehovaaye aashcharya kaarayamulanu.xml,o1,"eng,tel,tam,hin"
568_Nimpumo prabhuvaa nannu.xml,o1,"eng,tel,tam,hin"
56_Yehovaa illu kattinchani yedala.xml,v5,tam
56_Yehovaa illu kattinchani yedala.xml,v6,tam
56_Yehovaa illu kattinchani yedala.xml,v7,tam
56_Yehovaa illu kattinchani yedala.xml,o1,"eng,tel,tam,hin"
572_Aatma deepamunu.xml,o1,"eng,tel,tam,hin"
574_O Prabhuvaa ujeevamu nimmu.xml,o1,"eng,tel,tam,hin"
575_Paramatandri karamuleththi.xml,o1,"eng,tel,tam,hin"
576_Nimpumu O prabhuva.xml,o1,"eng,tel,tam,hin"
577_Velugitchi naaku maargamu choopu.xml,o1,"eng,tel,tam,hin"
578_Prabhu kummarinchu prabhu.xml,o1,"eng,tel,tam,hin"
579_Karuninchumu naa Yesuwa.xml,v6,"eng,tel,hin"
579_Karuninchumu naa Yesuwa.xml,v7,"eng,tel,hin"
579_Karuninchumu naa Yesuwa.xml,v8,"eng,tel,hin"
579_Karuninchumu naa Yesuwa.xml,o1,"eng,tel,tam,hin"
57_Yehovaa agaadha stalamula lonundi.xml,o1,"eng,tel,tam,hin"
580_Nee paada sannidiki - krupaamaya Yesayyaa.xml,o1,"eng,tel,tam,hin"
581_Adugudi meeru mana prabhu.xml,o1,"eng,tel,tam,hin"
582_Velledamu mari dhairyamutho.xml,o1,"eng,tel,tam,hin"
583_Prabhuva pampu varshamunu.xml,v5,hin
583_Prabhuva pampu varshamunu.xml,o1,"eng,tel,tam,hin"
584_Oh karunaanidhi mahaa prabhu.xml,o1,"eng,tel,tam,hin"
585_Rakshakaa nan - marva boku.xml,o1,"eng,tel,tam,hin"
587_Aasheervaadambul maa meeda.xml,o1,"eng,tel,tam,hin"
588_Preethigala mana Yesu.xml,v4,"tam,hin"
588_Preethigala mana Yesu.xml,o1,"eng,tel,tam,hin"
58_Sahodarulu yaikyata kalgi.xml,v4,hin
58_Sahodarulu yaikyata kalgi.xml,o1,"eng,tel,tam,hin"
590_Oh praardhanaa su praardhanaa.xml,v4,"tam,hin"
590_Oh praardhanaa su praardhanaa.xml,o1,"eng,tel,tam,hin"
591_Yesu naa prabhuva.xml,o1,"eng,tel,tam,hin"
592_Visugakunda nityamu - prardincha.xml,o1,"eng,tel,tam,hin"
593_Nee sannidhi cheritimi.xml,o1,"eng,tel,tam,hin"
596_O Yehovaa neeve nannu.xml,o1,"eng,tel,tam,hin"
59_Yehovaa sevakulaaraa stutinchudi.xml,v4,tam
59_Yehovaa sevakulaaraa stutinchudi.xml,v5,tam
59_Yehovaa sevakulaaraa stutinchudi.xml,v6,tam
59_Yehovaa sevakulaaraa stutinchudi.xml,v7,tam
59_Yehovaa sevakulaaraa stutinchudi.xml,o1,"eng,tel,tam,hin"
5_Yehovaa Naa Balamaa.xml,v8,hin
5_Yehovaa Naa Balamaa.xml,o1,"eng,tel,tam,hin"
607_Ahaa yemaanandam mahaa.xml,o1,"eng,tel,tam,hin"
608_Krupa kanikaramula maa.xml,o1,"eng,tel,tam,hin"
609_Amoolya rakhtamu dwaaraa.xml,o1,"eng,tel,tam,hin"
60_Yehovaanu stutinchudi aayana.xml,v10,"eng,tel"
60_Yehovaanu stutinchudi aayana.xml,o1,"eng,tel,tam,hin"
611_Neeligaganaana velige thaarala.xml,o1,"eng,tel,tam,hin"
612_Viswaasa sahithamuganu.xml,v8,"eng,tel,tam"
612_Viswaasa sahithamuganu.xml,o1,"eng,tel,tam,hin"
614_Naa papamulanu kshaminchen.xml,o1,"eng,tel,tam,hin"
616_Rakshana ounnatyamu.xml,o1,"eng,tel,tam,hin"
617_Parama jeevamu naaku nivva.xml,o1,"eng,tel,tam,hin"
618_Naa hrudayamu vintaga marenu.xml,o1,"eng,tel,tam,hin"
619_Hayananda sudinamu.xml,v4,hin
619_Hayananda sudinamu.xml,o1,"eng,tel,tam,hin"
61_Yehovaa neevu nannu parisheelinchi.xml,v6,"eng,tel,hin"
61_Yehovaa neevu nannu parisheelinchi.xml,v7,"eng,tel,hin"
61_Yehovaa neevu nannu parisheelinchi.xml,v8,"eng,tel,hin"
61_Yehovaa neevu nannu parisheelinchi.xml,v9,"eng,tel,hin"
61_Yehovaa neevu nannu parisheelinchi.xml,o1,"eng,tel,tam,hin"
622_Maa kanugrahinchina daiva.xml,o1,"eng,tel,tam,hin"
627_Lemmu thejarillumu neeku.xml,v6,"eng,tel,hin"
627_Lemmu thejarillumu neeku.xml,v7,"eng,tel,hin"
627_Lemmu thejarillumu neeku.xml,o1,"eng,tel,tam,hin"
628_Siluva veerulu meere.xml,v5,"eng,tel,tam"
628_Siluva veerulu meere.xml,o1,"eng,tel,tam,hin"
629_Thama devunerugu vaaru.xml,o1,"eng,tel,tam,hin"
62_Yehovaa andarikini mahopakaarundu.xml,v8,"eng,tel"
62_Yehovaa andarikini mahopakaarundu.xml,o1,"eng,tel,tam,hin"
630_Siluvanu mosi Ee lokamunu.xml,o1,"eng,tel,tam,hin"
632_Lokamunaku nannu.xml,v8,"eng,tel"
632_Lokamunaku nannu.xml,o1,"eng,tel,tam,hin"
633_Lellemmu sodaree sodarudaa.xml,v8,"eng,tel,tam"
633_Lellemmu sodaree sodarudaa.xml,v9,"eng,tel,tam"
633_Lellemmu sodaree sodarudaa.xml,v10,"eng,tel,tam"
633_Lellemmu sodaree sodarudaa.xml,o1,"eng,tel,tam,hin"
638_Melkommu O kavali yesuni.xml,o1,"eng,tel,tam,hin"
639_Cheekati kaalamu vachuchunde.xml,o1,"eng,tel,tam,hin"
63_Oh naadu yesu Raajaa.xml,v6,"eng,tel,hin"
63_Oh naadu yesu Raajaa.xml,v7,"eng,tel,hin"
63_Oh naadu yesu Raajaa.xml,o1,"eng,tel,tam,hin"
640_Nee priya prabhuni sevakai.xml,o1,"eng,tel,tam,hin"
641_Yesu Kristurri manchi.xml,o1,"eng,tel,tam,hin"
642_Mandalo cherani gorrelenno.xml,o1,"eng,tel,tam,hin"
643_Jaagraththa jaagraththa - Yesuditlu pilchun.xml,o1,"eng,tel,tam,hin"
644_Repu maapu gooda ramyamaina.xml,o1,"eng,tel,tam,hin"
645_Odducheri nee yeduta nilchu.xml,v5,hin
645_Odducheri nee yeduta nilchu.xml,o1,"eng,tel,tam,hin"
64_Halleluya naa pranamaa.xml,v10,hin
64_Halleluya naa pranamaa.xml,v11,hin
64_Halleluya naa pranamaa.xml,o1,"eng,tel,tam,hin"
651_Yehovaa nee krupaati shayamunu.xml,o1,"eng,tel,tam,hin"
652_Aanandinchedamu prabhu Yesulo.xml,o1,"eng,tel,tam,hin"
653_Jayamu jayamani chatinchedamu.xml,v5,"eng,tel,hin"
653_Jayamu jayamani chatinchedamu.xml,o1,"eng,tel,tam,hin"
654_Mahimatho nindina maa raajaa.xml,v6,hin
654_Mahimatho nindina maa raajaa.xml,v7,hin
654_Mahimatho nindina maa raajaa.xml,o1,"eng,tel,tam,hin"
657_Unntha stalamulapai  nekkinchi.xml,o1,"eng,tel,tam,hin"
658_Prabhuke stotramu mruthini.xml,o1,"eng,tel,tam,hin"
65_Devuniki stotramu gaanamu.xml,v11,tam
65_Devuniki stotramu gaanamu.xml,v12,tam
65_Devuniki stotramu gaanamu.xml,o1,"eng,tel,tam,hin"
661_Shodhanaku meeru chotiyyakudi.xml,o1,"eng,tel,tam,hin"
662_Adhikaaramu pondi yuntivi.xml,o1,"eng,tel,tam,hin"
663_Swaastyamuga nitchtivi.xml,o1,"eng,tel,tam,hin"
664_Jayamu pondumani Yesu.xml,o1,"eng,tel,tam,hin"
665_Kristesu siluvapai.xml,o1,"eng,tel,tam,hin"
666_Kriste Ee jeevitamulo.xml,o1,"eng,tel,tam,hin"
66_Stutiyinchu daayana naakasha vaasulaaraa.xml,v12,"eng,tel,hin"
66_Stutiyinchu daayana naakasha vaasulaaraa.xml,v13,"eng,tel,hin"
66_Stutiyinchu daayana naakasha vaasulaaraa.xml,v14,"eng,tel,hin"
66_Stutiyinchu daayana naakasha vaasulaaraa.xml,v15,"eng,tel,hin"
66_Stutiyinchu daayana naakasha vaasulaaraa.xml,v16,"eng,tel,hin"
66_Stutiyinchu daayana naakasha vaasulaaraa.xml,o1,"eng,tel,tam,hin"
672_Ella vela landu.xml,o1,"eng,tel,tam,hin"
673_Aanandame manakilalo.xml,o1,"eng,tel,tam,hin"
674_Mahima raaju sannidin.xml,v7,tam
674_Mahima raaju sannidin.xml,o1,"eng,tel,tam,hin"
676_Daahamu gala.xml,o1,"eng,tel,tam,hin"
677_Paapula rakshakudu.xml,o1,"eng,tel,tam,hin"
678_Daatumu yordhanun.xml,o1,"eng,tel,tam,hin"
679_Dhanyudavu neevu.xml,o1,"eng,tel,tam,hin"
67_Stutinchudi yehovaa devuni surya.xml,o1,"eng,tel,tam,hin"
680_Nootana aakaashamunu.xml,v9,tam
680_Nootana aakaashamunu.xml,o1,"eng,tel,tam,hin"
681_Mana prabhu Yesu.xml,o1,"eng,tel,tam,hin"
682_Ne bhraminchi nilchiti.xml,o1,"eng,tel,tam,hin"
684_Yordhannadi darina.xml,v6,hin
684_Yordhannadi darina.xml,o1,"eng,tel,tam,hin"
686_Prabhuvaa nee  paripoornatha.xml,v8,tam
686_Prabhuvaa nee  paripoornatha.xml,o1,"eng,tel,tam,hin"
68_Yehovaaku stutulu paadandi - meeru samaja.xml,v5,"eng,tel,hin"
68_Yehovaaku stutulu paadandi - meeru samaja.xml,v6,"eng,tel,hin"
68_Yehovaaku stutulu paadandi - meeru samaja.xml,v7,"eng,tel,hin"
68_Yehovaaku stutulu paadandi - meeru samaja.xml,v8,"eng,tel,hin"
68_Yehovaaku stutulu paadandi - meeru samaja.xml,v9,"eng,tel,hin"
68_Yehovaaku stutulu paadandi - meeru samaja.xml,o1,"eng,tel,tam,hin"
693_Velledam shresta desham.xml,o1,"eng,tel,tam,hin"
694_Prakaashamaina aashcharya.xml,o1,"eng,tel,tam,hin"
696_Neethi sooryundu.xml,o1,"eng,tel,tam,hin"
697_Neethi sooryudu neepai.xml,o1,"eng,tel,tam,hin"
699_Yesuni nityamu stutiyinchedamu.xml,o1,"eng,tel,tam,hin"
6_Yaakobu devudaapada kaalambula.xml,v7,hin
6_Yaakobu devudaapada kaalambula.xml,v8,hin
6_Yaakobu devudaapada kaalambula.xml,v9,"eng,tel,hin"
6_Yaakobu devudaapada kaalambula.xml,v10,"eng,tel,hin"
6_Yaakobu devudaapada kaalambula.xml,o1,"eng,tel,tam,hin"
700_Anaadi devudu aashrayamu.xml,o1,"eng,tel,tam,hin"
701_Yesuni vaaghdaanamul.xml,o1,"eng,tel,tam,hin"
702_Paravaasini ne jagamuna.xml,o1,"eng,tel,tam,hin"
704_Devuni krupa nitya mundunu.xml,o1,"eng,tel,tam,hin"
705_Unnatha durgamu.xml,o1,"eng,tel,tam,hin"
706_Mimmunu nimpe melulathoda.xml,o1,"eng,tel,tam,hin"
707_Yese manakila swaastyamu.xml,o1,"eng,tel,tam,hin"
708_Yehovaaye manakandariki.xml,o1,"eng,tel,tam,hin"
70_Devuni stutiyinchudi.xml,v8,hin
70_Devuni stutiyinchudi.xml,v9,hin
70_Devuni stutiyinchudi.xml,o1,"eng,tel,tam,hin"
710_Shree Yesu raajyamundunu.xml,v5,"tam,hin"
710_Shree Yesu raajyamundunu.xml,v6,"tam,hin"
710_Shree Yesu raajyamundunu.xml,o1,"eng,tel,tam,hin"
711_Yesu neethi rakhtamenu.xml,o1,"eng,tel,tam,hin"
713_Yesu naavaadini.xml,o1,"eng,tel,tam,hin"
714_Shrungaara deshamu.xml,v4,"tam,hin"
714_Shrungaara deshamu.xml,o1,"eng,tel,tam,hin"
715_Yesuni chetulandu yesuni.xml,o1,"eng,tel,tam,hin"
71_Halleluyaa yesu prabhun.xml,o1,"eng,tel,tam,hin"
720_Nene bhayapada valadani.xml,o1,"eng,tel,tam,hin"
721_Priya Yesu raajunu.xml,o1,"eng,tel,tam,hin"
723_Yesu prabhuve mahima.xml,o1,"eng,tel,tam,hin"
724_Prabhoo nee vaadanu.xml,o1,"eng,tel,tam,hin"
725_Paralokamu naa deshamu.xml,o1,"eng,tel,tam,hin"
726_Naa korikalu theeripoye.xml,o1,"eng,tel,tam,hin"
727_Eduru choochedamu dhruda.xml,o1,"eng,tel,tam,hin"
728_Prabhu raajyam nishchala.xml,o1,"eng,tel,tam,hin"
729_Nishchalamainadi Yesu raajyamu.xml,o1,"eng,tel,tam,hin"
72_Stutinchudi meeru stutinchudi.xml,o1,"eng,tel,tam,hin"
73_Siyonuku thirigi prabhuvu.xml,o1,"eng,tel,tam,hin"
745_Yesoo naa siluvan.xml,v5,hin
745_Yesoo naa siluvan.xml,v6,"eng,tel,hin"
745_Yesoo naa siluvan.xml,v7,"eng,tel,hin"
745_Yesoo naa siluvan.xml,o1,"eng,tel,tam,hin"
748_Devayaatma bhasuraagni.xml,o1,"eng,tel,tam,hin"
749_Prabhuni darshanam.xml,v5,"eng,tel"
749_Prabhuni darshanam.xml,o1,"eng,tel,tam,hin"
750_Priya Yesuni sainya veerulamu.xml,v6,hin
750_Priya Yesuni sainya veerulamu.xml,v7,hin
750_Priya Yesuni sainya veerulamu.xml,o1,"eng,tel,tam,hin"
752_Yesuni nindanu bharinchi.xml,o1,"eng,tel,tam,hin"
753_Yesuni shisyulamu yegudamu.xml,v5,hin
753_Yesuni shisyulamu yegudamu.xml,v6,hin
753_Yesuni shisyulamu yegudamu.xml,v7,hin
753_Yesuni shisyulamu yegudamu.xml,o1,"eng,tel,tam,hin"
754_Yesu kriste sajjanudu.xml,o1,"eng,tel,tam,hin"
755_Manassaara kruthajnatha liduchu.xml,v4,hin
755_Manassaara kruthajnatha liduchu.xml,v5,hin
755_Manassaara kruthajnatha liduchu.xml,v6,hin
755_Manassaara kruthajnatha liduchu.xml,v7,hin
755_Manassaara kruthajnatha liduchu.xml,o1,"eng,tel,tam,hin"
757_Nee siluve naaku sharanu.xml,o1,"eng,tel,tam,hin"
758_Ne nee vaadanai.xml,o1,"eng,tel,tam,hin"
759_Naadu praanamu prabho.xml,o1,"eng,tel,tam,hin"
760_Yesu prabho neeku.xml,o1,"eng,tel,tam,hin"
763_Silvachentha nesuvaa.xml,o1,"eng,tel,tam,hin"
764_Prabhu yesuni nenu.xml,o1,"eng,tel,tam,hin"
765_Naa sarvamaina.xml,o1,"eng,tel,tam,hin"
76_Adyantha rahithudavagu maajyothi.xml,o1,"eng,tel,tam,hin"
773_Manaku jeevamaiyunna.xml,o1,"eng,tel,tam,hin"
774_Nee devuni sannidini.xml,o1,"eng,tel,tam,hin"
775_Siluve nee gurigaa.xml,v4,hin
775_Siluve nee gurigaa.xml,o1,"eng,tel,tam,hin"
778_Dayagala Yesu prabhoo.xml,v7,tam
778_Dayagala Yesu prabhoo.xml,o1,"eng,tel,tam,hin"
779_Prabhuni seva jeyarammu.xml,o1,"eng,tel,tam,hin"
780_Halleluya hosanna.xml,o1,"eng,tel,tam,hin"
78_Aadi yantamu leni vaadaa.xml,v6,"eng,tel,hin"
78_Aadi yantamu leni vaadaa.xml,v7,"eng,tel,hin"
78_Aadi yantamu leni vaadaa.xml,o1,"eng,tel,tam,hin"
790_Devuni nija prema.xml,o1,"eng,tel,tam,hin"
79_Calvariloni shreshtudaa - karunaa bharitha.xml,o1,"eng,tel,tam,hin"
7_Naadu devaa naadu devaa.xml,o1,"eng,tel,tam,hin"
80_Naa priya yesu neeve naa.xml,v5,hin
80_Naa priya yesu neeve naa.xml,v6,hin
80_Naa priya yesu neeve naa.xml,v7,hin
80_Naa priya yesu neeve naa.xml,v8,"tam,hin"
80_Naa priya yesu neeve naa.xml,o1,"eng,tel,tam,hin"
83_Sundara rakshakudaa.xml,v5,hin
83_Sundara rakshakudaa.xml,v6,hin
83_Sundara rakshakudaa.xml,v7,hin
83_Sundara rakshakudaa.xml,o1,"eng,tel,tam,hin"
84_Stotrintumu ninu maadu thandri.xml,v8,hin
84_Stotrintumu ninu maadu thandri.xml,v9,hin
84_Stotrintumu ninu maadu thandri.xml,o1,"eng,tel,tam,hin"
85_Kristu yesu dayaalu prabhu.xml,o1,"eng,tel,tam,hin"
86_Yesu parishudda naamamunaku.xml,o1,"eng,tel,tam,hin"
89_Yehovaanu gaanamu chesedamu.xml,v6,hin
89_Yehovaanu gaanamu chesedamu.xml,v7,"eng,tel,hin"
89_Yehovaanu gaanamu chesedamu.xml,o1,"eng,tel,tam,hin"
8_Yehovaa naa kaapari.xml,v8,"tam,hin"
8_Yehovaa naa kaapari.xml,o1,"eng,tel,tam,hin"
91_Saagilapadi mrokkedamu.xml,o1,"eng,tel,tam,hin"
95_Idigo nee raaju vachchu chunde.xml,v6,tam
95_Idigo nee raaju vachchu chunde.xml,v7,tam
95_Idigo nee raaju vachchu chunde.xml,o1,"eng,tel,tam,hin"
96_Sharanam sharanam sharanam devaa.xml,v8,tam
96_Sharanam sharanam sharanam devaa.xml,v9,tam
96_Sharanam sharanam sharanam devaa.xml,o1,"eng,tel,tam,hin"
99_Parama pavitra swargapitha.xml,o1,"eng,tel,tam,hin"
9_Neeve Yehovaa naa kaaparivi.xml,o1,"eng,tel,tam,hin"
